Logit_True,Logit_Max_Incorrect,Gap
0.9286534,0.78680557,0.14184785
0.7656201,0.8856788,-0.120058715
0.5835429,0.70587313,-0.12233025
0.9860035,0.8676066,0.11839694
0.9335766,0.9552288,-0.021652222
0.93543774,0.95496005,-0.01952231
0.8321612,0.8221513,0.010009885
0.123034306,0.84743464,-0.72440034
0.8235016,0.75183386,0.07166773
0.9111985,0.9505982,-0.039399683
0.8952389,0.9616933,-0.06645441
0.9223073,0.9410765,-0.018769205
0.9365318,0.95424104,-0.017709255
0.8672674,0.9426178,-0.075350404
0.8718329,0.9666391,-0.094806194
0.9032651,0.9518158,-0.048550665
0.9261519,0.94826007,-0.022108197
0.9813391,0.9277941,0.053545
0.86336124,0.9533375,-0.08997625
0.71557856,0.9500704,-0.23449183
0.8715956,0.9823103,-0.110714674
0.9664335,0.70409477,0.26233876
0.9200162,0.90438277,0.015633464
0.684175,0.9057657,-0.2215907
0.96309847,0.9500075,0.013090968
0.86452675,0.8384859,0.026040852
0.8425828,0.77165973,0.07092309
0.82685,0.8951185,-0.06826848
0.7836271,0.73912084,0.04450625
0.8394629,0.94249904,-0.103036165
0.8834027,0.9714267,-0.08802402
0.8436434,0.96085775,-0.11721432
0.8859038,0.965072,-0.0791682
0.9994535,0.9484018,0.051051676
0.99272203,0.9494598,0.043262243
0.94464153,0.9823015,-0.037659943
0.9909157,0.92445546,0.06646025
0.688407,0.73949313,-0.051086128
0.69886565,0.75608003,-0.05721438
0.9465027,0.9503931,-0.0038903952
0.9686122,0.7106006,0.25801158
0.9781997,0.962922,0.015277743
0.94562453,0.9618223,-0.016197741
0.8835424,0.8563899,0.027152538
0.8885576,0.87283254,0.015725076
0.82190657,0.8282673,-0.0063607097
0.8900814,0.88391525,0.00616616
0.88607633,0.8867265,-0.00065016747
0.6928679,0.7542424,-0.061374545
0.65451276,0.7661885,-0.11167574
0.6465343,0.89592135,-0.24938703
0.9536277,0.9140494,0.03957832
0.95883226,0.9587852,4.708767e-05
0.9793933,0.89186144,0.087531865
0.9115133,0.89441335,0.017099977
0.78792465,0.8039541,-0.016029477
0.9738394,0.8249011,0.1489383
0.8801106,0.85798156,0.022129059
0.9006841,0.88619906,0.014485061
0.9525063,0.954255,-0.0017486811
0.96303296,0.95884645,0.004186511
0.89039385,0.9545552,-0.06416136
0.9790708,0.9626422,0.01642859
0.983308,0.9729989,0.0103091
0.9401685,0.8635614,0.07660711
0.9368759,0.8393376,0.09753829
0.7744075,0.89244336,-0.11803585
0.39748776,0.9456227,-0.5481349
0.97774255,0.8313465,0.14639604
0.9935812,0.94906676,0.044514418
0.8944652,0.9430664,-0.04860121
0.69116914,0.7519312,-0.060762048
0.42033574,0.6942737,-0.27393797
0.979346,0.98501444,-0.0056684613
0.9603276,0.93515897,0.025168657
0.74812984,0.86609226,-0.11796242
0.6345664,0.68979967,-0.05523324
0.6950443,0.7324387,-0.037394404
0.6942797,0.74688566,-0.052605987
0.96441305,0.8643929,0.10002017
0.9054303,0.9518459,-0.046415567
0.4714047,0.6777764,-0.2063717
0.47075367,0.69717354,-0.22641987
0.79936355,0.80987406,-0.010510504
0.9574983,0.96160173,-0.004103422
0.4679506,0.82563996,-0.35768935
0.9868321,0.9754658,0.011366308
0.6950443,0.7324387,-0.037394404
0.9656242,0.97264445,-0.007020235
0.97355896,0.90152645,0.07203251
0.81777763,0.75635934,0.061418295
0.7023754,0.73883414,-0.03645873
0.96254206,0.9103224,0.05221963
0.89740616,0.9541602,-0.056754053
0.7169439,0.7278088,-0.010864854
0.97116244,0.8392551,0.13190734
0.77282166,0.90380037,-0.1309787
0.92717487,0.8416832,0.08549166
0.9939694,0.99363667,0.00033271313
0.70847887,0.7365249,-0.028046012
0.99117637,0.9640287,0.02714765
0.95192194,0.9529855,-0.0010635853
0.958524,0.96196944,-0.0034454465
0.9786834,0.91729534,0.061388075
0.9786834,0.91729534,0.061388075
0.68934786,0.8828126,-0.19346476
0.67605823,0.873248,-0.19718975
0.84824884,0.85523355,-0.0069847107
0.78070664,0.85065496,-0.069948316
0.59464884,0.9296583,-0.33500946
0.8613584,0.8650435,-0.0036851168
0.8187585,0.7710113,0.047747195
0.8824625,0.8920194,-0.0095568895
0.97846365,0.8841795,0.09428418
0.82904863,0.71347326,0.11557537
0.9297168,0.90820646,0.021510363
0.9314499,0.84708166,0.08436823
0.9497026,0.8302864,0.11941624
0.95153236,0.8494665,0.10206586
0.92155504,0.87649775,0.045057297
0.9506898,0.95310116,-0.0024113655
0.9654018,0.9326614,0.032740414
0.9731436,0.90593195,0.06721163
0.9795244,0.81794834,0.16157603
0.9865431,0.9013421,0.085201025
0.98924786,0.967985,0.021262884
0.81042135,0.8615021,-0.051080763
0.8412516,0.85543454,-0.014182925
0.97595036,0.9628927,0.013057649
0.9606993,0.9071665,0.05353284
0.8654958,0.78009045,0.08540535
0.9725392,0.9745293,-0.0019901395
0.9554131,0.9765845,-0.021171391
0.90762985,0.92635375,-0.018723905
0.9800235,0.69019926,0.28982425
0.96594644,0.96577907,0.00016736984
0.98707014,0.95854306,0.028527081
0.96385455,0.923558,0.040296555
0.981424,0.96845156,0.0129724145
0.8574582,0.90228957,-0.044831395
0.92501444,0.9527491,-0.027734637
0.685725,0.58244723,0.10327774
0.921942,0.4393174,0.4826246
0.9754096,0.9797646,-0.0043549538
0.97625446,0.98292345,-0.006668985
0.9775127,0.98146737,-0.003954649
0.97872627,0.9841335,-0.005407214
0.99081403,0.970681,0.020133018
0.9787152,0.9616184,0.017096758
0.9225035,0.97935796,-0.056854486
0.95954996,0.95665395,0.0028960109
0.70048773,0.73973656,-0.039248824
0.88911474,0.95510304,-0.0659883
0.94414735,0.9643887,-0.02024138
0.97631407,0.9612729,0.0150411725
0.97880304,0.92673016,0.052072883
0.8776717,0.74338853,0.13428319
0.96307385,0.92722094,0.03585291
0.90457225,0.96647424,-0.061901987
0.9667595,0.6856355,0.281124
0.9904643,0.9721958,0.018268526
0.9054792,0.912602,-0.0071228147
0.9602567,0.91659015,0.04366654
0.95998204,0.9204627,0.03951931
0.941684,0.8757456,0.06593841
0.96667546,0.81217587,0.15449959
0.97160864,0.9746745,-0.003065884
0.5662296,0.70082223,-0.13459265
0.7054326,0.73453367,-0.029101074
0.96276826,0.8599145,0.102853775
0.9741972,0.6844194,0.28977782
0.85356283,0.77742684,0.07613599
0.74655175,0.889544,-0.14299226
0.9796687,0.9438046,0.035864055
0.76914674,0.7931815,-0.024034739
0.98532176,0.6090744,0.37624735
0.6284754,0.6820828,-0.053607345
0.08679422,0.91862094,-0.83182675
0.7058035,0.7333344,-0.027530909
0.9556388,0.6281487,0.32749015
0.93808144,0.8612782,0.07680327
0.87258476,0.8807517,-0.008166969
0.8125794,0.76822984,0.04434955
0.09673038,0.8830366,-0.78630626
0.11023109,0.8830252,-0.7727941
0.74871093,0.8810808,-0.13236988
0.9214385,0.9370808,-0.015642285
0.14688487,0.86130846,-0.7144236
0.9367493,0.876665,0.060084283
0.9692539,0.9650996,0.0041543245
0.929623,0.94974756,-0.020124555
0.97453296,0.9018955,0.07263744
0.50704294,0.6135479,-0.10650498
0.98046243,0.9527464,0.02771604
0.96578133,0.9658129,-3.159046e-05
0.9159206,0.8987407,0.017179906
0.82418275,0.97340035,-0.1492176
0.93675315,0.86481,0.071943164
0.72003025,0.7275425,-0.0075122714
0.9236544,0.9537554,-0.030101001
0.7817015,0.7088529,0.07284862
0.9800364,0.9509993,0.029037058
0.9882209,0.9222339,0.06598699
0.24167815,0.5378258,-0.29614767
0.8399898,0.7768897,0.0631001
0.8363837,0.85588765,-0.019503951
0.770082,0.64282894,0.12725306
0.4260374,0.9462309,-0.52019346
0.85069144,0.9803989,-0.12970746
0.702898,0.7351831,-0.032285094
0.744253,0.89198583,-0.14773285
0.84073263,0.8357021,0.005030513
0.77645093,0.6978502,0.078600705
0.9953107,0.970104,0.025206745
0.9246938,0.9129379,0.011755943
0.9795286,0.95919,0.020338595
0.92242765,0.90974915,0.012678504
0.9579813,0.9616318,-0.0036504865
0.8401922,0.94463944,-0.104447246
0.1177834,0.8418006,-0.72401714
0.82277876,0.99251986,-0.1697411
0.92667806,0.9452834,-0.018605351
0.8448766,0.7771504,0.067726195
0.9664335,0.70409477,0.26233876
0.98973036,0.97786874,0.011861622
0.9631903,0.9614355,0.0017548203
0.6139655,0.9539806,-0.3400151
0.681559,0.95509505,-0.27353603
0.9259788,0.95821965,-0.032240868
0.9805566,0.9630673,0.017489314
0.97346485,0.8334421,0.14002275
0.9142804,0.9674697,-0.053189278
0.9695015,0.91559434,0.053907156
0.9576982,0.54932517,0.40837306
0.90255857,0.90255857,0.0
0.7602276,0.6933136,0.06691402
0.96954614,0.9598609,0.009685218
0.95581084,0.6931656,0.26264524
0.9648906,0.70371884,0.26117176
0.9875634,0.9717044,0.015858948
0.8525491,0.9766079,-0.12405884
0.95200837,0.9231303,0.028878093
0.9789587,0.9675195,0.011439204
0.15662485,0.963316,-0.80669117
0.83117193,0.6868751,0.14429682
0.9631282,0.98509973,-0.021971524
0.8315724,0.9605211,-0.12894869
0.91836375,0.94290864,-0.024544895
0.11307656,0.8517221,-0.73864555
0.13483244,0.8488811,-0.7140487
0.45688343,0.52402997,-0.06714654
0.8760394,0.8243219,0.05171746
0.3414021,0.92403996,-0.58263785
0.47986987,0.8920061,-0.41213623
0.73729014,0.94286865,-0.2055785
0.6297492,0.91898954,-0.28924036
0.9823805,0.76369333,0.21868718
0.9779678,0.78190386,0.19606394
0.92878693,0.9526403,-0.023853362
0.9862439,0.8295289,0.15671498
0.8482176,0.7812519,0.0669657
0.8388498,0.77448726,0.064362526
0.7340281,0.9414236,-0.2073955
0.7690979,0.7639622,0.005135715
0.981971,0.76721,0.21476102
0.9745974,0.8073519,0.1672455
0.982346,0.79240704,0.18993896
0.77653974,0.94044137,-0.16390163
0.783967,0.8809252,-0.09695816
0.835938,0.7725799,0.06335807
0.9805476,0.905206,0.07534158
0.73976,0.8771843,-0.13742429
0.9906117,0.63097703,0.35963464
0.78195953,0.9307023,-0.1487428
0.83298886,0.7715,0.061488867
0.8515053,0.74607337,0.105431914
0.8481028,0.77079844,0.07730436
0.9972638,0.9955118,0.0017520189
0.89609754,0.90893793,-0.01284039
0.6919229,0.73660433,-0.04468143
0.8474122,0.81443644,0.032975793
0.982887,0.8988283,0.0840587
0.9145939,0.88426715,0.030326724
0.73846376,0.94639534,-0.20793158
0.9453374,0.96301204,-0.017674625
0.94735533,0.9764486,-0.029093266
0.94662833,0.9558135,-0.009185195
0.7073953,0.7498969,-0.04250157
0.5291891,0.6561966,-0.12700748
0.9328085,0.9112362,0.021572292
0.98504394,0.94876397,0.036279976
0.9880766,0.94027936,0.047797263
0.9849243,0.93602717,0.048897147
0.9824296,0.9270379,0.05539173
0.97792757,0.92431486,0.05361271
0.99330896,0.96771175,0.025597215
0.9406664,0.895103,0.0455634
0.95432484,0.97503865,-0.020713806
0.95846105,0.9528931,0.005567968
0.6812471,0.96870565,-0.28745854
0.8547789,0.8664947,-0.011715829
0.8542787,0.86910546,-0.014826775
0.7113031,0.7764544,-0.065151274
0.7023164,0.7451012,-0.04278481
0.6880946,0.7517649,-0.06367028
0.81836474,0.7793973,0.03896743
0.8565607,0.7686275,0.08793318
0.9660817,0.95604706,0.010034621
0.5998926,0.8382877,-0.2383951
0.9344748,0.9260658,0.008409023
0.95662355,0.9287625,0.027861059
0.9229387,0.91595745,0.0069812536
0.88911474,0.95510304,-0.0659883
0.9539969,0.95856816,-0.004571259
0.94976306,0.86567545,0.08408761
0.74190384,0.88611114,-0.1442073
0.99499726,0.97130305,0.023694217
0.96385455,0.923558,0.040296555
0.8608265,0.8089374,0.05188912
0.5034832,0.8403753,-0.33689213
0.69099474,0.72853136,-0.03753662
0.9861264,0.9578494,0.02827704
0.91992897,0.81060004,0.109328926
0.9720294,0.9748193,-0.0027899146
0.9455467,0.9571611,-0.011614442
0.6522183,0.74285674,-0.09063846
-0.1435814,0.5677244,-0.7113058
0.7651884,0.67892325,0.08626515
0.9555023,0.826409,0.12909329
0.8058174,0.8915786,-0.08576119
0.8105416,0.8863721,-0.07583046
0.7982763,0.8916467,-0.09337038
0.8036753,0.8904849,-0.086809635
0.98682374,0.93922174,0.047601998
0.98150516,0.926658,0.05484718
0.9866919,0.93812364,0.04856825
0.97104865,0.7393284,0.23172027
0.8119872,0.7862409,0.025746346
0.9596727,0.9911862,-0.031513512
0.9649792,0.9598509,0.0051282644
0.9212224,0.94986963,-0.028647244
0.95329356,0.9805556,-0.027262032
0.9511695,0.9776162,-0.0264467
0.9978243,0.984287,0.013537288
0.8592032,0.8623078,-0.0031045675
0.8881577,0.9761373,-0.087979555
0.8985309,0.97182685,-0.07329595
0.89838165,0.9688319,-0.07045025
0.9008046,0.97046816,-0.069663584
0.93644136,0.96942395,-0.032982588
0.94677085,0.9634067,-0.016635835
0.9168517,0.9446429,-0.027791202
0.9665297,0.9186034,0.047926307
0.68895805,0.8959944,-0.20703638
0.9811052,0.93216634,0.04893887
0.98144585,0.9284285,0.053017378
0.9868548,0.93760884,0.049245954
0.98388577,0.93266016,0.051225603
0.9833852,0.9315273,0.05185789
0.98582697,0.93221295,0.05361402
0.96298647,0.8443687,0.11861777
0.711684,0.72124195,-0.009557962
0.70225,0.7518223,-0.04957229
0.86337405,0.9903461,-0.12697202
0.9778304,0.9725405,0.005289912
0.96703774,0.93118596,0.035851777
0.98162705,0.9733462,0.008280873
0.9523521,0.95056295,0.0017891526
0.9460296,0.9551922,-0.009162605
0.8816289,0.8909722,-0.009343326
0.99277043,0.9809016,0.0118688345
0.19038093,0.8833709,-0.69298995
0.9735929,0.94342643,0.030166447
0.9660719,0.92729527,0.038776636
0.99779963,0.9640471,0.03375256
0.961372,0.9922978,-0.03092581
0.89059424,0.88428366,0.006310582
0.70192146,0.7497744,-0.047852933
0.70063734,0.7736485,-0.07301116
0.6522183,0.74285674,-0.09063846
0.9884835,0.9504034,0.038080096
0.9828478,0.9687122,0.014135599
0.9779473,0.96452105,0.013426244
0.91205955,0.8322817,0.07977784
0.92777604,0.8545785,0.07319754
0.9067064,0.83429456,0.072411835
0.9502473,0.97853214,-0.028284848
0.70281565,0.7409145,-0.03809887
0.8647611,0.9323003,-0.067539215
0.9752457,0.6983709,0.27687484
0.97114444,0.95866233,0.012482107
0.9738993,0.6791158,0.29478353
